VCFG_Plate_ID,treatment.id,compared.to,Mahalanobis,mp.value
D10,IMD 0354_5uM,DMSO_0uM,318.06,0
D12,Ceritinib (LDK378)_5uM,DMSO_0uM,219.902,0
D11,ALK-IN-1_5uM,DMSO_0uM,174.278,0
D08,TG101209_5uM,DMSO_0uM,170.721,0
D08,R547_5uM,DMSO_0uM,160.048,0
D08,CHIR-124_5uM,DMSO_0uM,147.662,0
D16,Pacritinib (SB1518)_5uM,DMSO_0uM,138.724,0
D10,Torin 2_5uM,DMSO_0uM,135.94,0
D09,Fedratinib (SAR302503_ TG101348)_5uM,DMSO_0uM,135.831,0
D09,CUDC-907_5uM,DMSO_0uM,133.26,0
D09,BGT226 (NVP-BGT226)_5uM,DMSO_0uM,127.206,0
D12,Ro3280_5uM,DMSO_0uM,118.617,0
D14,Vacquinol-1_5uM,DMSO_0uM,115.418,0
D14,G-749_5uM,DMSO_0uM,110.868,0
D09,Dinaciclib (SCH727965)_5uM,DMSO_0uM,107.459,0
D16,P276-00_5uM,DMSO_0uM,97.665,0
D10,IKK-16 (IKK Inhibitor VII)_5uM,DMSO_0uM,94.299,0
D12,VE-822_5uM,DMSO_0uM,92.321,0
D07,Volasertib (BI 6727)_5uM,DMSO_0uM,90.694,0
D09,Dinaciclib (SCH727965)_0.5uM,DMSO_0uM,87.456,0
D13,Osimertinib (AZD9291)_5uM,DMSO_0uM,86.168,0
D09,PHA-767491_5uM,DMSO_0uM,83.975,0
D12,AZD3463_5uM,DMSO_0uM,83.25,0
D08,Flavopiridol HCl_5uM,DMSO_0uM,79.369,0
D09,Tivantinib (ARQ 197)_5uM,DMSO_0uM,74.613,0
D05,Ponatinib (AP24534)_5uM,DMSO_0uM,65.645,0
D07,Omipalisib (GSK2126458_ GSK458)_5uM,DMSO_0uM,65.595,0
D06,SGI-1776 free base_5uM,DMSO_0uM,65.413,0
D12,PF-543_5uM,DMSO_0uM,63.27,0
D05,AEE788 (NVP-AEE788)_5uM,DMSO_0uM,60.713,0
D07,TAK-733_5uM,DMSO_0uM,60.488,0
D08,A-674563_5uM,DMSO_0uM,58.615,0
D09,CUDC-907_0.5uM,DMSO_0uM,58.102,0
D07,LY2603618_5uM,DMSO_0uM,56.503,0
D06,PF-4708671_5uM,DMSO_0uM,53.807,0
D11,AZ20_5uM,DMSO_0uM,53.703,0
D06,GSK461364_5uM,DMSO_0uM,53.619,0
D16,AMG 337_5uM,DMSO_0uM,53.357,0
D06,GSK461364_0.5uM,DMSO_0uM,52.655,0
D09,PF-04691502_5uM,DMSO_0uM,51.524,0
D11,CX-6258 HCl_5uM,DMSO_0uM,50.431,0
D08,Dacomitinib (PF299804_ PF299)_5uM,DMSO_0uM,49.983,0
D14,AZD6738_5uM,DMSO_0uM,38.378,0
D01,Afatinib (BIBW2992)_5uM,DMSO_0uM,37.598,0
D07,AZD5438_5uM,DMSO_0uM,37.366,0
D06,Lapatinib_5uM,DMSO_0uM,36.811,0
D14,AT13148_5uM,DMSO_0uM,35.707,0
D08,KX2-391_5uM,DMSO_0uM,35.124,0
D08,TAK-901_5uM,DMSO_0uM,33.81,0
D13,HS-173_5uM,DMSO_0uM,32.395,0
D05,HMN-214_5uM,DMSO_0uM,32.325,0
D11,VS-5584 (SB2343)_5uM,DMSO_0uM,31.982,0
D10,Golvatinib (E7050)_5uM,DMSO_0uM,31.083,0
D07,Volasertib (BI 6727)_0.5uM,DMSO_0uM,30.933,0
D06,Gandotinib (LY2784544)_5uM,DMSO_0uM,29.704,0
D10,TAE226 (NVP-TAE226)_5uM,DMSO_0uM,29.602,0
D01,Cediranib (AZD2171)_5uM,DMSO_0uM,29.328,0
D05,AZD7762_5uM,DMSO_0uM,29.246,0
D11,LY2090314_5uM,DMSO_0uM,28.595,0
D16,PRT062607 (P505-15_ BIIB057) HCl_5uM,DMSO_0uM,28.485,0
D09,MK-5108 (VX-689)_5uM,DMSO_0uM,28.173,0
D13,Rociletinib (CO-1686_ AVL-301)_5uM,DMSO_0uM,25.231,0
D11,MK-8745_5uM,DMSO_0uM,24.922,0
D16,BMS-345541_5uM,DMSO_0uM,24.862,0
D03,WZ3146_5uM,DMSO_0uM,24.743,0
D13,JNK Inhibitor IX_5uM,DMSO_0uM,23.747,0
D13,EHop-016_5uM,DMSO_0uM,23.349,0
D03,SNS-032 (BMS-387032)_5uM,DMSO_0uM,23.206,0
D08,WYE-125132 (WYE-132)_5uM,DMSO_0uM,23.107,0
D14,PF-431396_5uM,DMSO_0uM,22.049,0
D06,RAF265 (CHIR-265)_5uM,DMSO_0uM,20.713,0
D06,AST-1306_5uM,DMSO_0uM,20.712,0
D08,AMG-900_5uM,DMSO_0uM,20.492,0
D07,PP121_5uM,DMSO_0uM,20.348,0
D13,ERK5-IN-1_5uM,DMSO_0uM,19.914,0
D13,AZD2858_5uM,DMSO_0uM,19.742,0
D12,PF-3758309_5uM,DMSO_0uM,18.727,0
D16,Dorsomorphin 2HCl_5uM,DMSO_0uM,18.596,0
D07,Buparlisib (BKM120_ NVP-BKM120)_5uM,DMSO_0uM,18.163,0
D05,AT7519_5uM,DMSO_0uM,17.865,0
D03,BI 2536_0.5uM,DMSO_0uM,16.956,0
D11,XL019_5uM,DMSO_0uM,16.181,0
D08,WAY-600_5uM,DMSO_0uM,16.003,0
D15,SGI-7079_5uM,DMSO_0uM,15.6,0
D05,Quizartinib (AC220)_5uM,DMSO_0uM,15.439,0
D11,Binimetinib (MEK162_ ARRY-162_ ARRY-438162)_5uM,DMSO_0uM,14.984,0
D01,NVP-AEW541_5uM,DMSO_0uM,14.917,0
D13,FRAX597_5uM,DMSO_0uM,14.797,0
D06,AZD1480_5uM,DMSO_0uM,14.466,0
D03,AT9283_5uM,DMSO_0uM,14.463,0
D03,CYC116_5uM,DMSO_0uM,13.812,0
D06,KW-2449_5uM,DMSO_0uM,13.713,0
D11,CGI1746_5uM,DMSO_0uM,13.417,0
D01,Saracatinib (AZD0530)_5uM,DMSO_0uM,13.135,0
D03,BMS-754807_5uM,DMSO_0uM,13.131,0
D06,AZ 960_5uM,DMSO_0uM,13.099,0
D08,GSK1838705A_5uM,DMSO_0uM,12.515,0
D13,KN-93 Phosphate_0.5uM,DMSO_0uM,12.142,0
D11,PD168393_5uM,DMSO_0uM,12.116,0
D06,Mubritinib (TAK 165)_5uM,DMSO_0uM,12.038,0
D16,LY3023414_5uM,DMSO_0uM,11.675,0
D04,CUDC-101_5uM,DMSO_0uM,11.458,0
D10,PF-477736_5uM,DMSO_0uM,11.343,0
D11,Schisandrin B (Sch B)_5uM,DMSO_0uM,11.325,0
D10,PF-562271_5uM,DMSO_0uM,11.107,0
D14,VX-11e_5uM,DMSO_0uM,11.022,0
D11,SC-514_0.5uM,DMSO_0uM,10.97,0
D11,Tepotinib (EMD 1214063)_5uM,DMSO_0uM,10.949,0
D09,CHIR-98014_5uM,DMSO_0uM,10.909,0
D04,Aurora A Inhibitor I_5uM,DMSO_0uM,10.739,0
D04,Flavopiridol (Alvocidib)_5uM,DMSO_0uM,10.738,0
D04,BX-912_5uM,DMSO_0uM,10.622,0
D01,Lapatinib (GW-572016) Ditosylate_5uM,DMSO_0uM,10.443,0
D01,Linifanib (ABT-869)_5uM,DMSO_0uM,10.367,0
D10,ZM 306416_5uM,DMSO_0uM,10.361,0
D09,Milciclib (PHA-848125)_5uM,DMSO_0uM,10.308,0
D04,Pelitinib (EKB-569)_5uM,DMSO_0uM,10.251,0
D16,Cobimetinib (GDC-0973_ RG7420)_5uM,DMSO_0uM,10.154,0
D13,URMC-099_5uM,DMSO_0uM,10.071,0
D13,HS-173_0.5uM,DMSO_0uM,9.561,0
D14,IM-12_0.5uM,DMSO_0uM,9.412,0
D11,Tepotinib (EMD 1214063)_0.5uM,DMSO_0uM,9.347,0
D06,AZD8330_5uM,DMSO_0uM,9.219,0
D11,Piceatannol_5uM,DMSO_0uM,9.198,0
D08,KX2-391_0.5uM,DMSO_0uM,8.954,0
D13,KN-62_5uM,DMSO_0uM,8.923,0
D10,GW5074_5uM,DMSO_0uM,8.838,0
D13,Sorafenib_5uM,DMSO_0uM,8.805,0
D11,VX-702_5uM,DMSO_0uM,8.679,0
D06,OSI-420_5uM,DMSO_0uM,8.652,0
D10,Icotinib_5uM,DMSO_0uM,8.622,0
D16,LY2228820_5uM,DMSO_0uM,8.336,0
D11,Pazopanib_5uM,DMSO_0uM,8.235,0
D16,ETP-46464_5uM,DMSO_0uM,8.029,0
D16,Palbociclib (PD-0332991) HCl_5uM,DMSO_0uM,7.951,0
D11,CGI1746_0.5uM,DMSO_0uM,7.869,0
D13,Uprosertib (GSK2141795)_5uM,DMSO_0uM,7.82,0
D15,VPS34-IN1_5uM,DMSO_0uM,7.72,0
D16,Perifosine (KRX-0401)_0.5uM,DMSO_0uM,7.676,0
D04,JNJ-7706621_5uM,DMSO_0uM,7.519,0
D15,Ulixertinib (BVD-523_ VRT752271)_5uM,DMSO_0uM,7.519,0
D14,Filgotinib (GLPG0634)_5uM,DMSO_0uM,7.39,0
D05,Hesperadin_5uM,DMSO_0uM,7.353,0
D09,Varlitinib_5uM,DMSO_0uM,7.352,0
D11,LY2090314_0.5uM,DMSO_0uM,7.303,0
D16,ASP3026_5uM,DMSO_0uM,7.252,0
D16,GDC-0349_5uM,DMSO_0uM,7.226,0
D06,Torkinib (PP242)_5uM,DMSO_0uM,7.181,0
D06,Sapitinib (AZD8931)_5uM,DMSO_0uM,6.982,0
D12,abemaciclib (LY2835219)_5uM,DMSO_0uM,6.952,0
D14,SU9516_0.5uM,DMSO_0uM,6.91,0
D08,GSK1838705A_0.5uM,DMSO_0uM,6.884,0
D12,PF-3758309_0.5uM,DMSO_0uM,6.877,0
D14,IM-12_5uM,DMSO_0uM,6.816,0
D11,Tofacitinib (CP-690550) Citrate_0.5uM,DMSO_0uM,6.81,0
D08,Apitolisib (GDC-0980_ RG7422)_5uM,DMSO_0uM,6.774,0
D01,BMS-536924_0.5uM,DMSO_0uM,6.762,0
D11,MK-8745_0.5uM,DMSO_0uM,6.702,0
D01,Sunitinib Malate_5uM,DMSO_0uM,6.687,0
D11,Schisandrin B (Sch B)_0.5uM,DMSO_0uM,6.482,0
D12,CNX-2006_5uM,DMSO_0uM,6.457,0
D11,CZC24832_5uM,DMSO_0uM,6.43,0
D05,CP-673451_5uM,DMSO_0uM,6.386,0
D11,ALK-IN-1_0.5uM,DMSO_0uM,6.347,0
D11,Cabozantinib malate (XL184)_0.5uM,DMSO_0uM,6.199,0
D08,WAY-600_0.5uM,DMSO_0uM,6.148,0
D01,BMS-536924_5uM,DMSO_0uM,6.144,0
D11,PP1_0.5uM,DMSO_0uM,6.142,0
D11,SC-514_5uM,DMSO_0uM,6.091,0
D03,Brivanib Alaninate (BMS-582664)_0.5uM,DMSO_0uM,6.089,0
D08,Trametinib (GSK1120212)_5uM,DMSO_0uM,6.078,0
D11,RN486_5uM,DMSO_0uM,6.065,0
D12,NU6027_5uM,DMSO_0uM,6.017,0
D13,HTH-01-015_5uM,DMSO_0uM,6.016,0
D13,CNX-774_5uM,DMSO_0uM,5.97,0
D15,AZD3759_5uM,DMSO_0uM,5.863,0
D06,PF-573228_5uM,DMSO_0uM,5.836,0
D14,SU9516_5uM,DMSO_0uM,5.82,0
D08,AMG-900_0.5uM,DMSO_0uM,5.819,0
D10,TPCA-1_5uM,DMSO_0uM,5.765,0
D04,CHIR-99021 (CT99021)_5uM,DMSO_0uM,5.701,0
D04,ENMD-2076_5uM,DMSO_0uM,5.675,0
D11,JNK-IN-8_5uM,DMSO_0uM,5.649,0
D13,GNE-9605_5uM,DMSO_0uM,5.56,0
D14,D 4476_5uM,DMSO_0uM,5.514,0
D08,WYE-125132 (WYE-132)_0.5uM,DMSO_0uM,5.434,0
D12,MLN2480_5uM,DMSO_0uM,5.344,0
D11,CZC24832_0.5uM,DMSO_0uM,5.314,0
D13,URMC-099_0.5uM,DMSO_0uM,5.293,0
D12,RKI-1447_5uM,DMSO_0uM,5.27,0
D14,Anacardic Acid_0.5uM,DMSO_0uM,5.262,0
D15,VE-821_5uM,DMSO_0uM,5.24,0
D01,Gefitinib (ZD1839)_5uM,DMSO_0uM,5.205,0
D11,Fingolimod (FTY720) HCl_5uM,DMSO_0uM,5.174,0
D13,GNE-9605_0.5uM,DMSO_0uM,5.165,0
D10,TDZD-8_0.5uM,DMSO_0uM,5.111,0
D09,MK-2461_0.5uM,DMSO_0uM,5.047,0
D01,Dovitinib (TKI-258_ CHIR-258)_5uM,DMSO_0uM,5.024,0
D08,CH5132799_5uM,DMSO_0uM,4.976,0
D14,VX-11e_0.5uM,DMSO_0uM,4.911,0
D09,3-Methyladenine (3-MA)_0.5uM,DMSO_0uM,4.84,0
D16,BMS-582949_0.5uM,DMSO_0uM,4.837,0
D11,Fingolimod (FTY720) HCl_0.5uM,DMSO_0uM,4.832,0
D11,VX-702_0.5uM,DMSO_0uM,4.78,0
D06,SGI-1776 free base_0.5uM,DMSO_0uM,4.769,0
D09,INK 128 (MLN0128)_5uM,DMSO_0uM,4.645,0
D15,ONO-4059 analogue_5uM,DMSO_0uM,4.606,0
D11,Cabozantinib malate (XL184)_5uM,DMSO_0uM,4.593,0
D09,Vistusertib (AZD2014)_5uM,DMSO_0uM,4.567,0
D10,Alpelisib (BYL719)_5uM,DMSO_0uM,4.559,0
D09,AMG-458_0.5uM,DMSO_0uM,4.554,0
D12,MLN2480_0.5uM,DMSO_0uM,4.547,0
D03,SNS-314 Mesylate_0.5uM,DMSO_0uM,4.52,0
D10,WHI-P154_0.5uM,DMSO_0uM,4.487,0
D11,TAK-715_0.5uM,DMSO_0uM,4.479,0
D14,SU6656_5uM,DMSO_0uM,4.466,0
D14,SC1_5uM,DMSO_0uM,4.465,0
D04,AG-1024_5uM,DMSO_0uM,4.436,0
D06,Mubritinib (TAK 165)_0.5uM,DMSO_0uM,4.41,0
D09,TAK-285_5uM,DMSO_0uM,4.401,0
D13,XMD8-92_5uM,DMSO_0uM,4.396,0
D08,CH5132799_0.5uM,DMSO_0uM,4.347,0
D03,CP-724714_5uM,DMSO_0uM,4.193,0
D09,BGT226 (NVP-BGT226)_0.5uM,DMSO_0uM,4.076,0
D13,WZ4003_5uM,DMSO_0uM,4.059,0
D13,PD173955_0.5uM,DMSO_0uM,4.041,0
D01,Afatinib (BIBW2992)_0.5uM,DMSO_0uM,3.987,0
D14,SU6656_0.5uM,DMSO_0uM,3.976,0
D11,PP2_5uM,DMSO_0uM,3.942,0
D12,AZD1080_5uM,DMSO_0uM,3.896,0
D03,AG-490 (Tyrphostin B42)_0.5uM,DMSO_0uM,3.89,0
D10,CHIR-99021 (CT99021) HCl_5uM,DMSO_0uM,3.87,0
D06,Fasudil (HA-1077) HCl_5uM,DMSO_0uM,3.868,0
D16,7_8-Dihydroxyflavone_0.5uM,DMSO_0uM,3.846,0
D05,Pimasertib (AS-703026)_5uM,DMSO_0uM,3.813,0
D03,SNS-032 (BMS-387032)_0.5uM,DMSO_0uM,3.805,0
D07,SB590885_5uM,DMSO_0uM,3.768,0
D11,PD168393_0.5uM,DMSO_0uM,3.767,0
D12,GSK650394_5uM,DMSO_0uM,3.746,0
D14,Decernotinib (VX-509)_5uM,DMSO_0uM,3.746,0
D01,Tozasertib (VX-680_ MK-0457)_5uM,DMSO_0uM,3.709,0
D11,Binimetinib (MEK162_ ARRY-162_ ARRY-438162)_0.5uM,DMSO_0uM,3.67,0
D06,PIK-293_5uM,DMSO_0uM,3.626,0
D06,Sapitinib (AZD8931)_0.5uM,DMSO_0uM,3.606,0
D08,Crenolanib (CP-868596)_5uM,DMSO_0uM,3.603,0
D14,Vacquinol-1_0.5uM,DMSO_0uM,3.598,0
D08,Trametinib (GSK1120212)_0.5uM,DMSO_0uM,3.562,0
D13,DDR1-IN-1_0.5uM,DMSO_0uM,3.547,0
D07,Fostamatinib (R788)_5uM,DMSO_0uM,3.544,0
D13,TG003_5uM,DMSO_0uM,3.54,0
D11,AZD2932_0.5uM,DMSO_0uM,3.533,0
D07,SB590885_0.5uM,DMSO_0uM,3.528,0
D13,KN-93 Phosphate_5uM,DMSO_0uM,3.487,0
D10,BAY 11-7082_5uM,DMSO_0uM,3.421,0
D11,PP2_0.5uM,DMSO_0uM,3.357,0
D06,AZ 960_0.5uM,DMSO_0uM,3.336,0
D10,PF-562271_0.5uM,DMSO_0uM,3.295,0
D11,AZD2932_5uM,DMSO_0uM,3.287,0
D06,AICAR (Acadesine)_0.5uM,DMSO_0uM,3.268,0
D07,OSI-027_5uM,DMSO_0uM,3.204,0
D01,Selumetinib (AZD6244)_5uM,DMSO_0uM,3.125,0
D08,AG-1478 (Tyrphostin AG-1478)_5uM,DMSO_0uM,3.051,0
D12,Ro3280_0.5uM,DMSO_0uM,3.05,0
D11,TAK-715_5uM,DMSO_0uM,3.023,0
D04,Amuvatinib (MP-470)_5uM,DMSO_0uM,3.018,0
D16,Olmutinib (HM61713_ BI 1482694)_5uM,DMSO_0uM,2.997,0
D11,Tofacitinib (CP-690550) Citrate_5uM,DMSO_0uM,2.898,0
D01,Selumetinib (AZD6244)_0.5uM,DMSO_0uM,2.897,0
D10,TDZD-8_5uM,DMSO_0uM,2.882,0
D07,Phenformin HCl_0.5uM,DMSO_0uM,2.703,0
D09,Milciclib (PHA-848125)_0.5uM,DMSO_0uM,2.64,0
D13,FRAX597_0.5uM,DMSO_0uM,2.581,0
D01,Sorafenib Tosylate_0.5uM,DMSO_0uM,2.527,0
D03,Regorafenib (BAY 73-4506)_0.5uM,DMSO_0uM,2.475,0
D01,Ridaforolimus (Deforolimus_ MK-8669)_5uM,DMSO_0uM,2.418,0
D01,PI-103_5uM,DMSO_0uM,2.373,0
D01,Pazopanib HCl (GW786034 HCl)_5uM,DMSO_0uM,2.158,0
D01,Pazopanib HCl (GW786034 HCl)_0.5uM,DMSO_0uM,2.457,0.14
D03,Danusertib (PHA-739358)_5uM,DMSO_0uM,9.205,0.142
D14,LFM-A13_5uM,DMSO_0uM,2.502,0.142
D01,Tozasertib (VX-680_ MK-0457)_0.5uM,DMSO_0uM,2.49,0.142
D16,AMG 337_0.5uM,DMSO_0uM,2.209,0.143
D12,Bisindolylmaleimide I (GF109203X)_5uM,DMSO_0uM,2.452,0.146
D16,Perifosine (KRX-0401)_5uM,DMSO_0uM,2.204,0.146
D13,XMD8-92_0.5uM,DMSO_0uM,2.568,0.147
D01,NVP-AEW541_0.5uM,DMSO_0uM,2.555,0.147
D05,Hesperadin_0.5uM,DMSO_0uM,6.713,0.148
D10,GW441756_0.5uM,DMSO_0uM,2.456,0.15
D16,Cobimetinib (GDC-0973_ RG7420)_0.5uM,DMSO_0uM,4.42,0.151
D12,SKI II_5uM,DMSO_0uM,2.593,0.151
D09,Tofacitinib (CP-690550_Tasocitinib)_5uM,DMSO_0uM,2.314,0.151
D10,Tyrphostin 9_0.5uM,DMSO_0uM,2.658,0.152
D09,WP1066_5uM,DMSO_0uM,2.59,0.152
D03,WZ8040_5uM,DMSO_0uM,10.249,0.153
D03,TGX-221_5uM,DMSO_0uM,3.731,0.153
D11,RN486_0.5uM,DMSO_0uM,3,0.154
D14,G-749_0.5uM,DMSO_0uM,2.334,0.154
D15,Entrectinib (RXDX-101)_5uM,DMSO_0uM,2.086,0.154
D04,CHIR-99021 (CT99021)_0.5uM,DMSO_0uM,2.047,0.154
D13,GNE-0877_5uM,DMSO_0uM,1.921,0.154
D08,AG-1478 (Tyrphostin AG-1478)_0.5uM,DMSO_0uM,3.887,0.156
D16,ASP3026_0.5uM,DMSO_0uM,3.579,0.156
D12,CGK 733_5uM,DMSO_0uM,3.408,0.156
D12,VE-822_0.5uM,DMSO_0uM,2.586,0.156
D05,AZD6482_5uM,DMSO_0uM,2.362,0.156
D03,PLX-4720_0.5uM,DMSO_0uM,4.095,0.157
D07,Idelalisib (CAL-101_ GS-1101)_0.5uM,DMSO_0uM,2.673,0.157
D08,PF-00562271_5uM,DMSO_0uM,11.853,0.158
D08,PH-797804_0.5uM,DMSO_0uM,3.092,0.158
D05,R406 (free base)_5uM,DMSO_0uM,3.083,0.158
D13,Rociletinib (CO-1686_ AVL-301)_0.5uM,DMSO_0uM,2.711,0.158
D02,Crizotinib (PF-02341066)_5uM,DMSO_0uM,3.269,0.159
D03,Barasertib (AZD1152-HQPA)_0.5uM,DMSO_0uM,2.288,0.159
D10,Tyrphostin 9_5uM,DMSO_0uM,25.573,0.16
D11,VS-5584 (SB2343)_0.5uM,DMSO_0uM,2.687,0.16
D01,Temsirolimus (CCI-779_ NSC 683864)_5uM,DMSO_0uM,2.083,0.16
D16,BI-78D3_0.5uM,DMSO_0uM,2.686,0.161
D03,CP-724714_0.5uM,DMSO_0uM,2.655,0.161
D16,LY3023414_0.5uM,DMSO_0uM,2.54,0.161
D03,Barasertib (AZD1152-HQPA)_5uM,DMSO_0uM,2.218,0.161
D15,Akti-1/2_0.5uM,DMSO_0uM,2.203,0.161
D02,Linsitinib (OSI-906)_5uM,DMSO_0uM,3.678,0.162
D13,CNX-774_0.5uM,DMSO_0uM,3.112,0.162
D15,DASA-58_5uM,DMSO_0uM,2.359,0.162
D06,Torkinib (PP242)_0.5uM,DMSO_0uM,2.277,0.162
D02,Refametinib (RDEA119_ Bay 86-9766)_5uM,DMSO_0uM,3.331,0.163
D07,CCT128930_5uM,DMSO_0uM,2.514,0.163
D03,Alisertib (MLN8237)_5uM,DMSO_0uM,5.327,0.164
D16,Miltefosine_0.5uM,DMSO_0uM,3.609,0.164
D09,AMG-458_5uM,DMSO_0uM,2.681,0.164
D06,Lapatinib_0.5uM,DMSO_0uM,2.522,0.165
D04,JNJ-7706621_0.5uM,DMSO_0uM,2.485,0.165
D12,NU6027_0.5uM,DMSO_0uM,2.366,0.165
D09,NVP-BVU972_5uM,DMSO_0uM,2.207,0.165
D05,GSK429286A_5uM,DMSO_0uM,1.74,0.165
D16,BMS-345541_0.5uM,DMSO_0uM,3.147,0.166
D10,SAR131675_5uM,DMSO_0uM,2.952,0.166
D14,LDN-214117_5uM,DMSO_0uM,2.898,0.166
D03,AT9283_0.5uM,DMSO_0uM,2.462,0.166
D13,Bay 11-7085_5uM,DMSO_0uM,2.304,0.166
D14,IPA-3_5uM,DMSO_0uM,2.085,0.166
D08,PH-797804_5uM,DMSO_0uM,5.277,0.167
D05,BIX 02189_0.5uM,DMSO_0uM,4.468,0.167
D04,PHA-680632_5uM,DMSO_0uM,3.369,0.167
D16,Butein_5uM,DMSO_0uM,2.585,0.167
D06,BMS-265246_5uM,DMSO_0uM,2.489,0.167
D03,WZ4002_5uM,DMSO_0uM,6.993,0.168
D16,LY2228820_0.5uM,DMSO_0uM,2.798,0.168
D10,ZM 323881 HCl_5uM,DMSO_0uM,2.434,0.168
D05,PIK-93_0.5uM,DMSO_0uM,2.405,0.168
D15,GSK2292767_5uM,DMSO_0uM,2.157,0.168
D15,GSK2636771_5uM,DMSO_0uM,3.432,0.169
D12,Skepinone-L_5uM,DMSO_0uM,3.093,0.169
D14,FIIN-2_5uM,DMSO_0uM,3.039,0.17
D02,Pictilisib (GDC-0941)_5uM,DMSO_0uM,2.823,0.17
D14,SB239063_0.5uM,DMSO_0uM,2.821,0.17
D05,AZD6482_0.5uM,DMSO_0uM,2.357,0.17
D02,SB216763_5uM,DMSO_0uM,2.168,0.17
D01,Linifanib (ABT-869)_0.5uM,DMSO_0uM,1.948,0.17
D14,WH-4-023_5uM,DMSO_0uM,2.543,0.171
D10,Golvatinib (E7050)_0.5uM,DMSO_0uM,2.541,0.171
D02,Masitinib (AB1010)_5uM,DMSO_0uM,2.093,0.171
D03,Everolimus (RAD001)_5uM,DMSO_0uM,5.821,0.172
D15,CC-223_5uM,DMSO_0uM,3.596,0.172
D05,BS-181 HCl_5uM,DMSO_0uM,2.546,0.172
D16,Chloroquine Phosphate_5uM,DMSO_0uM,2.712,0.173
D05,KU-60019_5uM,DMSO_0uM,2.39,0.173
D15,ONO-4059 analogue_0.5uM,DMSO_0uM,4.071,0.174
D14,BLZ945_0.5uM,DMSO_0uM,3.533,0.174
D05,PIK-93_5uM,DMSO_0uM,2.753,0.174
D15,GSK2292767_0.5uM,DMSO_0uM,2.627,0.175
D06,PF-573228_0.5uM,DMSO_0uM,2.581,0.175
D03,Foretinib (GSK1363089)_5uM,DMSO_0uM,5.824,0.176
D02,Y-27632 2HCl_0.5uM,DMSO_0uM,3.205,0.176
D10,Go 6983_0.5uM,DMSO_0uM,2.704,0.176
D04,WYE-354_0.5uM,DMSO_0uM,2.553,0.176
D04,TG100-115_5uM,DMSO_0uM,3.585,0.177
D01,Cediranib (AZD2171)_0.5uM,DMSO_0uM,2.31,0.178
D07,Telatinib_5uM,DMSO_0uM,2.371,0.179
D16,Olmutinib (HM61713_ BI 1482694)_0.5uM,DMSO_0uM,2.391,0.18
D03,BI 2536_5uM,DMSO_0uM,10.007,0.181
D09,AZ 628_5uM,DMSO_0uM,2.283,0.181
D07,A66_5uM,DMSO_0uM,2.62,0.182
D02,AC480 (BMS-599626)_5uM,DMSO_0uM,2.129,0.182
D13,HTH-01-015_0.5uM,DMSO_0uM,2.891,0.184
D12,PF-543_0.5uM,DMSO_0uM,2.152,0.184
D15,CEP-32496_5uM,DMSO_0uM,2.558,0.185
D07,Indirubin_0.5uM,DMSO_0uM,3.841,0.186
D01,PD184352 (CI-1040)_5uM,DMSO_0uM,2.395,0.186
D08,ZM 336372_0.5uM,DMSO_0uM,3.701,0.193
D12,AZD3463_0.5uM,DMSO_0uM,2.92,0.193
D03,SNS-314 Mesylate_5uM,DMSO_0uM,2.876,0.193
D04,Rigosertib (ON-01910)_5uM,DMSO_0uM,3.789,0.194
D16,NSC 23766_0.5uM,DMSO_0uM,1.453,0.294
D16,NSC 23766_5uM,DMSO_0uM,1.921,0.295
D05,BS-181 HCl_0.5uM,DMSO_0uM,2.022,0.299
D09,Dovitinib (TKI-258) Dilactic Acid_5uM,DMSO_0uM,1.993,0.301
D11,PP1_5uM,DMSO_0uM,1.986,0.301
D03,BMS-754807_0.5uM,DMSO_0uM,1.841,0.304
D02,SL-327_0.5uM,DMSO_0uM,1.793,0.304
D10,S-Ruxolitinib (INCB018424)_5uM,DMSO_0uM,1.908,0.309
D16,APTSTAT3-9R_5uM,DMSO_0uM,1.849,0.311
D08,AS-604850_5uM,DMSO_0uM,1.806,0.311
D14,GNF-5_0.5uM,DMSO_0uM,1.971,0.314
D02,ZSTK474_5uM,DMSO_0uM,1.721,0.314
D16,BI-78D3_5uM,DMSO_0uM,2.388,0.315
D07,Fostamatinib (R788)_0.5uM,DMSO_0uM,2.08,0.315
D12,SKI II_0.5uM,DMSO_0uM,2.177,0.318
D04,Vemurafenib (PLX4032_ RG7204)_5uM,DMSO_0uM,1.813,0.318
D14,Ro-3306_0.5uM,DMSO_0uM,1.711,0.318
D02,PHA-665752_0.5uM,DMSO_0uM,1.052,0.319
D10,Tideglusib_0.5uM,DMSO_0uM,2.477,0.32
D04,PD173074_0.5uM,DMSO_0uM,1.897,0.32
D08,A-674563_0.5uM,DMSO_0uM,2.153,0.321
D14,SB239063_5uM,DMSO_0uM,2.039,0.322
D09,TAK-285_0.5uM,DMSO_0uM,2.113,0.323
D07,Palomid 529 (P529)_5uM,DMSO_0uM,2.104,0.323
D05,AT7867_5uM,DMSO_0uM,2.098,0.323
D12,CNX-2006_0.5uM,DMSO_0uM,1.788,0.323
D03,PLX-4720_5uM,DMSO_0uM,1.658,0.323
D02,Crizotinib (PF-02341066)_0.5uM,DMSO_0uM,1.044,0.323
D16,Butein_0.5uM,DMSO_0uM,1.607,0.324
D11,Piceatannol_0.5uM,DMSO_0uM,2.145,0.325
D08,Crenolanib (CP-868596)_0.5uM,DMSO_0uM,2.671,0.326
D16,Miltefosine_5uM,DMSO_0uM,1.895,0.326
D15,Purvalanol A_0.5uM,DMSO_0uM,1.843,0.326
D10,Tyrphostin AG 879_5uM,DMSO_0uM,2.064,0.328
D15,LJH685_5uM,DMSO_0uM,1.653,0.328
D16,GDC-0349_0.5uM,DMSO_0uM,1.634,0.329
D02,GSK1904529A_5uM,DMSO_0uM,1.574,0.329
D15,LJI308_0.5uM,DMSO_0uM,1.428,0.329
D01,Temsirolimus (CCI-779_ NSC 683864)_0.5uM,DMSO_0uM,1.913,0.33
D02,PF-04217903_5uM,DMSO_0uM,1.409,0.33
D16,Palbociclib (PD-0332991) HCl_0.5uM,DMSO_0uM,2.309,0.331
D07,Omipalisib (GSK2126458_ GSK458)_0.5uM,DMSO_0uM,2.203,0.331
D05,Voxtalisib (SAR245409_ XL765) Analogue_0.5uM,DMSO_0uM,1.642,0.331
D14,PF-431396_0.5uM,DMSO_0uM,2.16,0.332
D05,BMS-777607_0.5uM,DMSO_0uM,1.976,0.333
D09,PF-04691502_0.5uM,DMSO_0uM,1.66,0.333
D03,Lenvatinib (E7080)_0.5uM,DMSO_0uM,2.003,0.334
D02,OSU-03012 (AR-12)_5uM,DMSO_0uM,1.614,0.334
D10,TPCA-1_0.5uM,DMSO_0uM,2.015,0.335
D09,Fedratinib (SAR302503_ TG101348)_0.5uM,DMSO_0uM,1.583,0.335
D12,Ceritinib (LDK378)_0.5uM,DMSO_0uM,1.838,0.336
D02,MLN8054_5uM,DMSO_0uM,1.65,0.336
D15,ZM 39923 HCl_5uM,DMSO_0uM,1.622,0.336
D12,Zotarolimus(ABT-578)_5uM,DMSO_0uM,2.22,0.337
D05,AEE788 (NVP-AEE788)_0.5uM,DMSO_0uM,1.816,0.337
D14,ANA-12_0.5uM,DMSO_0uM,1.675,0.337
D02,OSU-03012 (AR-12)_0.5uM,DMSO_0uM,1.266,0.337
D07,Honokiol_5uM,DMSO_0uM,2.455,0.338
D09,Dabrafenib (GSK2118436)_0.5uM,DMSO_0uM,1.966,0.338
D09,Varlitinib_0.5uM,DMSO_0uM,1.903,0.339
D11,XL019_0.5uM,DMSO_0uM,1.785,0.339
D12,GSK2334470_5uM,DMSO_0uM,2.007,0.34
D08,SB415286_5uM,DMSO_0uM,1.902,0.34
D05,AZD8055_5uM,DMSO_0uM,1.873,0.34
D07,Apatinib_5uM,DMSO_0uM,2.203,0.341
D05,KRN 633_5uM,DMSO_0uM,2.02,0.341
D03,Lenvatinib (E7080)_5uM,DMSO_0uM,1.642,0.341
D01,Gefitinib (ZD1839)_0.5uM,DMSO_0uM,1.989,0.342
D16,P276-00_0.5uM,DMSO_0uM,2.347,0.343
D03,Everolimus (RAD001)_0.5uM,DMSO_0uM,1.84,0.343
D02,Masitinib (AB1010)_0.5uM,DMSO_0uM,1.215,0.343
D07,Idelalisib (CAL-101_ GS-1101)_5uM,DMSO_0uM,2.249,0.344
D12,GZD824 Dimesylate_5uM,DMSO_0uM,2.099,0.344
D02,SB202190 (FHPI)_0.5uM,DMSO_0uM,1.091,0.344
D10,WHI-P154_5uM,DMSO_0uM,2.143,0.346
D08,CHIR-124_0.5uM,DMSO_0uM,2.639,0.347
D10,Semaxanib (SU5416)_5uM,DMSO_0uM,2.173,0.347
D07,Asiatic Acid_5uM,DMSO_0uM,1.823,0.347
D02,SB203580_0.5uM,DMSO_0uM,1.745,0.347
D02,MLN8054_0.5uM,DMSO_0uM,1.638,0.348
D15,AG-18_5uM,DMSO_0uM,1.631,0.348
D01,Dovitinib (TKI-258_ CHIR-258)_0.5uM,DMSO_0uM,1.729,0.349
D02,SB203580_5uM,DMSO_0uM,1.804,0.35
D16,7_8-Dihydroxyflavone_5uM,DMSO_0uM,1.583,0.351
D09,AZD4547_0.5uM,DMSO_0uM,1.992,0.352
D16,APTSTAT3-9R_0.5uM,DMSO_0uM,1.796,0.352
D02,Enzastaurin (LY317615)_5uM,DMSO_0uM,1.409,0.355
D05,Voxtalisib (SAR245409_ XL765) Analogue_5uM,DMSO_0uM,1.556,0.358
D13,TAK-632_0.5uM,DMSO_0uM,2.394,0.361
D10,Torin 2_0.5uM,DMSO_0uM,1.911,0.361
D12,RKI-1447_0.5uM,DMSO_0uM,1.709,0.362
D14,Decernotinib (VX-509)_0.5uM,DMSO_0uM,2.227,0.363
D16,PRT062607 (P505-15_ BIIB057) HCl_0.5uM,DMSO_0uM,1.945,0.363
D02,MK-2206 2HCl_5uM,DMSO_0uM,1.451,0.363
D02,GDC-0879_5uM,DMSO_0uM,1.046,0.369
D04,AG-1024_0.5uM,DMSO_0uM,1.735,0.454
D03,Cabozantinib (XL184_ BMS-907351)_0.5uM,DMSO_0uM,1.425,0.459
D11,JNK-IN-8_0.5uM,DMSO_0uM,1.936,0.475
D08,CAY10505_5uM,DMSO_0uM,1.586,0.477
D01,Rapamycin (Sirolimus)_0.5uM,DMSO_0uM,1.551,0.477
D07,Degrasyn (WP1130)_5uM,DMSO_0uM,1.873,0.478
D10,Alpelisib (BYL719)_0.5uM,DMSO_0uM,1.547,0.478
D10,Go 6983_5uM,DMSO_0uM,1.026,0.478
D03,GSK690693_0.5uM,DMSO_0uM,1.835,0.479
D10,Semaxanib (SU5416)_0.5uM,DMSO_0uM,1.662,0.479
D14,SC1_0.5uM,DMSO_0uM,1.616,0.479
D03,Alisertib (MLN8237)_0.5uM,DMSO_0uM,1.614,0.479
D13,PD173955_5uM,DMSO_0uM,1.494,0.48
D08,Flavopiridol HCl_0.5uM,DMSO_0uM,0.787,0.48
D09,CEP-33779_5uM,DMSO_0uM,1.551,0.483
D07,Asiatic Acid_0.5uM,DMSO_0uM,1.649,0.485
D08,A-769662_0.5uM,DMSO_0uM,1.618,0.487
D16,Oclacitinib_5uM,DMSO_0uM,1.313,0.487
D07,Momelotinib (CYT387)_5uM,DMSO_0uM,1.96,0.488
D07,Quercetin_5uM,DMSO_0uM,2.34,0.489
D08,Ibrutinib (PCI-32765)_5uM,DMSO_0uM,1.151,0.491
D01,Lapatinib (GW-572016) Ditosylate_0.5uM,DMSO_0uM,1.553,0.492
D08,NVP-BSK805 2HCl_5uM,DMSO_0uM,1.252,0.492
D14,Filgotinib (GLPG0634)_0.5uM,DMSO_0uM,1.768,0.493
D07,TAK-733_0.5uM,DMSO_0uM,1.761,0.494
D01,Ridaforolimus (Deforolimus_ MK-8669)_0.5uM,DMSO_0uM,1.601,0.494
D10,IMD 0354_0.5uM,DMSO_0uM,1.223,0.494
D03,PD98059_5uM,DMSO_0uM,1.728,0.495
D06,R406_5uM,DMSO_0uM,1.503,0.496
D09,Vistusertib (AZD2014)_0.5uM,DMSO_0uM,1.468,0.496
D07,Degrasyn (WP1130)_0.5uM,DMSO_0uM,1.864,0.497
D07,CCT128930_0.5uM,DMSO_0uM,1.528,0.497
D03,GSK690693_5uM,DMSO_0uM,1.513,0.497
D07,PP121_0.5uM,DMSO_0uM,1.014,0.497
D07,PIK-294_0.5uM,DMSO_0uM,2.168,0.498
D07,Indirubin_5uM,DMSO_0uM,1.614,0.498
D09,CEP-33779_0.5uM,DMSO_0uM,1.397,0.498
D08,AS-604850_0.5uM,DMSO_0uM,1.362,0.498
D06,Fasudil (HA-1077) HCl_0.5uM,DMSO_0uM,1.758,0.499
D15,ZM 39923 HCl_0.5uM,DMSO_0uM,1.485,0.499
D07,Chrysophanic Acid_0.5uM,DMSO_0uM,1.214,0.5
D06,OSI-420_0.5uM,DMSO_0uM,1.864,0.501
D11,AZ20_0.5uM,DMSO_0uM,1.799,0.501
D07,Phenformin HCl_5uM,DMSO_0uM,1.518,0.501
D05,GSK429286A_0.5uM,DMSO_0uM,1.269,0.501
D08,TG101209_0.5uM,DMSO_0uM,1.113,0.501
D07,PIK-294_5uM,DMSO_0uM,1.767,0.502
D14,BLZ945_5uM,DMSO_0uM,1.685,0.502
D11,Duvelisib (IPI-145_ INK1197)_5uM,DMSO_0uM,1.739,0.503
D15,TCS 359_5uM,DMSO_0uM,1.459,0.503
D07,OSI-027_0.5uM,DMSO_0uM,1.627,0.504
D04,BX-795_0.5uM,DMSO_0uM,1.334,0.504
D10,TAE226 (NVP-TAE226)_0.5uM,DMSO_0uM,1.87,0.505
D07,Momelotinib (CYT387)_0.5uM,DMSO_0uM,1.497,0.505
D02,Vatalanib (PTK787) 2HCl_5uM,DMSO_0uM,0.979,0.505
D04,ENMD-2076_0.5uM,DMSO_0uM,1.97,0.506
D10,BI-D1870_0.5uM,DMSO_0uM,1.037,0.506
D03,Cabozantinib (XL184_ BMS-907351)_5uM,DMSO_0uM,1.729,0.507
D11,Pazopanib_0.5uM,DMSO_0uM,1.622,0.507
D09,AZ 628_0.5uM,DMSO_0uM,1.571,0.507
D04,Ruxolitinib (INCB018424)_5uM,DMSO_0uM,1.774,0.508
D08,Dacomitinib (PF299804_ PF299)_0.5uM,DMSO_0uM,1.001,0.508
D08,Ibrutinib (PCI-32765)_0.5uM,DMSO_0uM,2.105,0.509
D08,R547_0.5uM,DMSO_0uM,1.62,0.509
D08,CAY10505_0.5uM,DMSO_0uM,1.261,0.509
D04,MGCD-265_0.5uM,DMSO_0uM,1.528,0.51
D15,Tyrphostin AG 1296_5uM,DMSO_0uM,1.495,0.51
D08,PF-00562271_0.5uM,DMSO_0uM,0.873,0.51
D08,A-769662_5uM,DMSO_0uM,0.812,0.51
D10,BI-D1870_5uM,DMSO_0uM,1.109,0.511
D14,WH-4-023_0.5uM,DMSO_0uM,1.674,0.514
D01,PD0325901_0.5uM,DMSO_0uM,1.575,0.515
D07,A66_0.5uM,DMSO_0uM,1.067,0.516
D02,GSK1904529A_0.5uM,DMSO_0uM,0.87,0.516
D06,Doramapimod (BIRB 796)_5uM,DMSO_0uM,2.141,0.518
D10,IKK-16 (IKK Inhibitor VII)_0.5uM,DMSO_0uM,1.806,0.519
D10,SAR131675_0.5uM,DMSO_0uM,1.162,0.52
D07,Buparlisib (BKM120_ NVP-BKM120)_0.5uM,DMSO_0uM,1.431,0.521
D09,Sotrastaurin_5uM,DMSO_0uM,1.35,0.522
D13,AR-A014418_5uM,DMSO_0uM,1.916,0.524
D06,Doramapimod (BIRB 796)_0.5uM,DMSO_0uM,1.574,0.525
D08,TAK-901_0.5uM,DMSO_0uM,1.253,0.526
D10,ZM 323881 HCl_0.5uM,DMSO_0uM,1.174,0.527
D08,ZM 336372_5uM,DMSO_0uM,1.331,0.529
D05,R406 (free base)_0.5uM,DMSO_0uM,1.625,0.53
D04,Rigosertib (ON-01910)_0.5uM,DMSO_0uM,1.55,0.531
D08,AS-252424_5uM,DMSO_0uM,1.198,0.533
D09,WP1066_0.5uM,DMSO_0uM,1.323,0.631
D15,DASA-58_0.5uM,DMSO_0uM,1.254,0.631
D12,GSK2334470_0.5uM,DMSO_0uM,1.248,0.638
D14,Ro-3306_5uM,DMSO_0uM,0.855,0.638
D03,Roscovitine (Seliciclib_CYC202)_0.5uM,DMSO_0uM,0.906,0.641
D13,EHop-016_0.5uM,DMSO_0uM,1.476,0.642
D12,Skepinone-L_0.5uM,DMSO_0uM,1.168,0.644
D13,LDC000067_5uM,DMSO_0uM,1.064,0.644
D02,SU11274_5uM,DMSO_0uM,0.706,0.645
D13,TG003_0.5uM,DMSO_0uM,1.342,0.647
D02,ZM 447439_5uM,DMSO_0uM,0.678,0.647
D02,KU-55933 (ATM Kinase Inhibitor)_5uM,DMSO_0uM,0.578,0.647
D14,ANA-12_5uM,DMSO_0uM,0.92,0.648
D12,SSR128129E_0.5uM,DMSO_0uM,1.492,0.649
D05,KRN 633_0.5uM,DMSO_0uM,1.166,0.649
D14,AZD6738_0.5uM,DMSO_0uM,1.31,0.65
D03,Triciribine_0.5uM,DMSO_0uM,1.274,0.651
D02,SU11274_0.5uM,DMSO_0uM,0.671,0.651
D09,MK-5108 (VX-689)_0.5uM,DMSO_0uM,1.184,0.653
D07,Palomid 529 (P529)_0.5uM,DMSO_0uM,1.067,0.653
D02,Linsitinib (OSI-906)_0.5uM,DMSO_0uM,0.896,0.653
D14,IPA-3_0.5uM,DMSO_0uM,1.522,0.654
D04,PD173074_5uM,DMSO_0uM,1.291,0.655
D08,SB415286_0.5uM,DMSO_0uM,0.534,0.656
D04,Genistein_5uM,DMSO_0uM,1.129,0.657
D02,LY294002_0.5uM,DMSO_0uM,0.939,0.657
D07,Rebastinib (DCC-2036)_5uM,DMSO_0uM,0.832,0.658
D04,MGCD-265_5uM,DMSO_0uM,1.38,0.659
D13,PFK15_5uM,DMSO_0uM,1.339,0.659
D15,VE-821_0.5uM,DMSO_0uM,1.262,0.659
D13,AZD2858_0.5uM,DMSO_0uM,1.448,0.66
D03,CYC116_0.5uM,DMSO_0uM,1.182,0.661
D09,Dabrafenib (GSK2118436)_5uM,DMSO_0uM,1.331,0.662
D07,Telatinib_0.5uM,DMSO_0uM,0.654,0.662
D14,GNF-5_5uM,DMSO_0uM,1.418,0.663
D04,Ki8751_5uM,DMSO_0uM,1.412,0.663
D14,FIIN-2_0.5uM,DMSO_0uM,0.784,0.663
D14,GNE-7915_0.5uM,DMSO_0uM,0.724,0.663
D02,Y-27632 2HCl_5uM,DMSO_0uM,0.627,0.663
D15,AMG319_0.5uM,DMSO_0uM,1.132,0.664
D10,GW441756_5uM,DMSO_0uM,0.972,0.664
D07,LY2603618_0.5uM,DMSO_0uM,0.763,0.664
D15,LJH685_0.5uM,DMSO_0uM,1.355,0.665
D06,NVP-BHG712_5uM,DMSO_0uM,1.471,0.666
D04,CUDC-101_0.5uM,DMSO_0uM,1.17,0.666
D04,KU-0063794_5uM,DMSO_0uM,1.059,0.666
D04,YM201636_5uM,DMSO_0uM,1.282,0.667
D14,D 4476_0.5uM,DMSO_0uM,1.6,0.669
D05,PD318088_0.5uM,DMSO_0uM,1.221,0.669
D12,CC-292 (AVL-292)_5uM,DMSO_0uM,0.933,0.669
D07,Honokiol_0.5uM,DMSO_0uM,0.766,0.669
D02,PHA-665752_5uM,DMSO_0uM,0.607,0.669
D01,Nintedanib (BIBF 1120)_5uM,DMSO_0uM,1.541,0.67
D04,VX-745_0.5uM,DMSO_0uM,1.515,0.671
D15,Akti-1/2_5uM,DMSO_0uM,1.135,0.671
D01,Dasatinib_5uM,DMSO_0uM,1.472,0.673
D06,Gandotinib (LY2784544)_0.5uM,DMSO_0uM,1.552,0.674
D04,OSI-930_5uM,DMSO_0uM,1.543,0.674
D05,AZD7762_0.5uM,DMSO_0uM,1.457,0.674
D02,U0126-EtOH_0.5uM,DMSO_0uM,0.76,0.674
D02,Pictilisib (GDC-0941)_0.5uM,DMSO_0uM,0.656,0.674
D02,KU-55933 (ATM Kinase Inhibitor)_0.5uM,DMSO_0uM,0.633,0.674
D02,SB202190 (FHPI)_5uM,DMSO_0uM,0.83,0.675
D02,MK-2206 2HCl_0.5uM,DMSO_0uM,0.779,0.675
D04,OSI-930_0.5uM,DMSO_0uM,1.286,0.676
D04,Flavopiridol (Alvocidib)_0.5uM,DMSO_0uM,1.071,0.676
D12,10058-F4_0.5uM,DMSO_0uM,1.052,0.676
D02,Brivanib (BMS-540215)_5uM,DMSO_0uM,0.614,0.676
D07,Daphnetin_0.5uM,DMSO_0uM,0.805,0.677
D02,Refametinib (RDEA119_ Bay 86-9766)_0.5uM,DMSO_0uM,0.893,0.678
D16,Pacritinib (SB1518)_0.5uM,DMSO_0uM,1.42,0.679
D02,ZM 447439_0.5uM,DMSO_0uM,0.751,0.679
D15,ETC-1002_5uM,DMSO_0uM,1.231,0.68
D07,Rebastinib (DCC-2036)_0.5uM,DMSO_0uM,1.035,0.681
D14,Bikinin_5uM,DMSO_0uM,0.985,0.681
D01,PI-103_0.5uM,DMSO_0uM,1.711,0.682
D03,WZ8040_0.5uM,DMSO_0uM,1.083,0.684
D06,AZD8330_0.5uM,DMSO_0uM,1.396,0.685
D13,TAK-632_5uM,DMSO_0uM,1.11,0.685
D07,Chrysophanic Acid_5uM,DMSO_0uM,0.981,0.689
D14,LDN-214117_0.5uM,DMSO_0uM,0.679,0.691
D03,Brivanib Alaninate (BMS-582664)_5uM,DMSO_0uM,1.047,0.692
D01,Axitinib_5uM,DMSO_0uM,1.629,0.693
D13,Bay 11-7085_0.5uM,DMSO_0uM,1.119,0.693
D06,PIK-293_0.5uM,DMSO_0uM,1.106,0.693
D07,AZD5438_0.5uM,DMSO_0uM,0.75,0.693
D12,SSR128129E_5uM,DMSO_0uM,1.105,0.707
D13,WZ4003_0.5uM,DMSO_0uM,1.162,0.716
D03,TGX-221_0.5uM,DMSO_0uM,0.906,0.798
D06,RAF265 (CHIR-265)_0.5uM,DMSO_0uM,1.424,0.8
D03,WZ4002_0.5uM,DMSO_0uM,0.965,0.806
D15,Entrectinib (RXDX-101)_0.5uM,DMSO_0uM,0.899,0.806
D15,VPS34-IN1_0.5uM,DMSO_0uM,0.744,0.808
D07,Daphnetin_5uM,DMSO_0uM,0.631,0.813
D15,LJI308_5uM,DMSO_0uM,0.956,0.814
D04,BX-912_0.5uM,DMSO_0uM,0.952,0.814
D05,Quizartinib (AC220)_0.5uM,DMSO_0uM,0.615,0.814
D05,AT7867_0.5uM,DMSO_0uM,1.155,0.817
D15,AMG319_5uM,DMSO_0uM,1.091,0.817
D05,PHT-427_5uM,DMSO_0uM,0.575,0.818
D13,Osimertinib (AZD9291)_0.5uM,DMSO_0uM,0.849,0.819
D09,MK-2461_5uM,DMSO_0uM,1.129,0.82
D04,Genistein_0.5uM,DMSO_0uM,0.91,0.82
D13,DDR1-IN-1_5uM,DMSO_0uM,0.655,0.82
D08,AS-252424_0.5uM,DMSO_0uM,0.185,0.82
D10,PF-477736_0.5uM,DMSO_0uM,0.892,0.821
D05,BIX 02188_0.5uM,DMSO_0uM,1.059,0.822
D13,Uprosertib (GSK2141795)_0.5uM,DMSO_0uM,0.718,0.822
D03,Foretinib (GSK1363089)_0.5uM,DMSO_0uM,0.495,0.822
D10,S-Ruxolitinib (INCB018424)_0.5uM,DMSO_0uM,0.922,0.823
D05,HMN-214_0.5uM,DMSO_0uM,0.898,0.823
D01,Nintedanib (BIBF 1120)_0.5uM,DMSO_0uM,1.586,0.824
D15,PLX7904_5uM,DMSO_0uM,0.876,0.825
D10,Tyrphostin AG 879_0.5uM,DMSO_0uM,0.837,0.825
D12,TIC10 Analogue_5uM,DMSO_0uM,0.667,0.825
D14,Bikinin_0.5uM,DMSO_0uM,0.555,0.826
D15,SMI-4a_0.5uM,DMSO_0uM,1.036,0.827
D15,Tyrphostin AG 1296_0.5uM,DMSO_0uM,0.772,0.827
D03,Roscovitine (Seliciclib_CYC202)_5uM,DMSO_0uM,0.63,0.827
D07,Quercetin_0.5uM,DMSO_0uM,0.461,0.827
D01,Saracatinib (AZD0530)_0.5uM,DMSO_0uM,1.217,0.828
D04,Aurora A Inhibitor I_0.5uM,DMSO_0uM,0.964,0.828
D10,GNF-2_5uM,DMSO_0uM,0.793,0.829
D05,CP-673451_0.5uM,DMSO_0uM,0.881,0.83
D12,Zotarolimus(ABT-578)_0.5uM,DMSO_0uM,1.096,0.831
D05,SP600125_0.5uM,DMSO_0uM,0.677,0.831
D04,Amuvatinib (MP-470)_0.5uM,DMSO_0uM,1.103,0.832
D05,AZD8055_0.5uM,DMSO_0uM,0.78,0.832
D05,Ponatinib (AP24534)_0.5uM,DMSO_0uM,0.742,0.832
D03,Danusertib (PHA-739358)_0.5uM,DMSO_0uM,0.614,0.832
D05,PHT-427_0.5uM,DMSO_0uM,0.531,0.832
D05,Orantinib (TSU-68_ SU6668)_0.5uM,DMSO_0uM,0.916,0.833
D03,PD98059_0.5uM,DMSO_0uM,0.89,0.833
D15,AZD3759_0.5uM,DMSO_0uM,0.725,0.833
D14,AT13148_0.5uM,DMSO_0uM,0.464,0.833
D12,10058-F4_5uM,DMSO_0uM,0.835,0.834
D04,BX-795_5uM,DMSO_0uM,0.786,0.834
D15,PLX7904_0.5uM,DMSO_0uM,0.677,0.834
D03,Triciribine_5uM,DMSO_0uM,0.95,0.835
D11,Duvelisib (IPI-145_ INK1197)_0.5uM,DMSO_0uM,0.919,0.835
D12,AZD1080_0.5uM,DMSO_0uM,0.908,0.836
D15,GSK2636771_0.5uM,DMSO_0uM,0.75,0.836
D11,CX-6258 HCl_0.5uM,DMSO_0uM,1.369,0.837
D04,Tivozanib (AV-951)_0.5uM,DMSO_0uM,1.133,0.837
D05,KU-60019_0.5uM,DMSO_0uM,0.616,0.837
D05,PD318088_5uM,DMSO_0uM,1.217,0.838
D05,BIX 02188_5uM,DMSO_0uM,1.205,0.838
D14,LFM-A13_0.5uM,DMSO_0uM,0.583,0.838
D05,AT7519_0.5uM,DMSO_0uM,0.538,0.838
D05,Pimasertib (AS-703026)_0.5uM,DMSO_0uM,0.483,0.838
D15,Purvalanol A_5uM,DMSO_0uM,1.006,0.84
D04,TG100-115_0.5uM,DMSO_0uM,0.816,0.84
D15,CC-223_0.5uM,DMSO_0uM,0.746,0.84
D04,Tivozanib (AV-951)_5uM,DMSO_0uM,0.803,0.841
D15,CEP-32496_0.5uM,DMSO_0uM,1.08,0.842
D04,Ruxolitinib (INCB018424)_0.5uM,DMSO_0uM,1.047,0.842
D12,BIO_0.5uM,DMSO_0uM,1.041,0.842
D05,PHA-793887_0.5uM,DMSO_0uM,0.778,0.842
D04,Ki8751_0.5uM,DMSO_0uM,1.219,0.843
D15,AZD5363_5uM,DMSO_0uM,1.001,0.843
D09,Ipatasertib (GDC-0068)_5uM,DMSO_0uM,1.178,0.844
D04,WYE-354_5uM,DMSO_0uM,0.626,0.844
D01,Axitinib_0.5uM,DMSO_0uM,1.318,0.845
D14,GSK2578215A_5uM,DMSO_0uM,0.495,0.845
D15,GSK621_0.5uM,DMSO_0uM,1.031,0.846
D14,GNE-7915_5uM,DMSO_0uM,0.257,0.846
D13,LDC000067_0.5uM,DMSO_0uM,1.323,0.847
D05,BIX 02189_5uM,DMSO_0uM,0.717,0.847
D05,PHA-793887_5uM,DMSO_0uM,0.982,0.851
D12,abemaciclib (LY2835219)_0.5uM,DMSO_0uM,0.879,0.851
D08,NVP-BSK805 2HCl_0.5uM,DMSO_0uM,0.41,0.853
D04,KU-0063794_0.5uM,DMSO_0uM,0.679,0.854
D14,Anacardic Acid_5uM,DMSO_0uM,0.44,0.854
D13,KN-62_0.5uM,DMSO_0uM,1.055,0.855
D12,AZD1208_0.5uM,DMSO_0uM,0.76,0.855
D01,Bosutinib (SKI-606)_5uM,DMSO_0uM,1.469,0.857
D15,TCS 359_0.5uM,DMSO_0uM,0.742,0.866
D03,JNJ-38877605_5uM,DMSO_0uM,0.61,0.868
D06,Tie2 kinase inhibitor_0.5uM,DMSO_0uM,1.338,1
D01,Nilotinib (AMN-107)_5uM,DMSO_0uM,1.299,1
D01,Motesanib Diphosphate (AMG-706)_0.5uM,DMSO_0uM,1.224,1
D01,Bosutinib (SKI-606)_0.5uM,DMSO_0uM,1.22,1
D01,Sorafenib Tosylate_5uM,DMSO_0uM,1.147,1
D06,BMS-794833_5uM,DMSO_0uM,1.044,1
D16,BMS-582949_5uM,DMSO_0uM,1.032,1
D09,Sotrastaurin_0.5uM,DMSO_0uM,0.967,1
D06,Tie2 kinase inhibitor_5uM,DMSO_0uM,0.938,1
D01,PD184352 (CI-1040)_0.5uM,DMSO_0uM,0.931,1
D09,AZD4547_5uM,DMSO_0uM,0.926,1
D06,AST-1306_0.5uM,DMSO_0uM,0.922,1
D12,TIC10 Analogue_0.5uM,DMSO_0uM,0.918,1
D06,H 89 2HCl_5uM,DMSO_0uM,0.902,1
D06,KW-2449_0.5uM,DMSO_0uM,0.896,1
D01,PD0325901_5uM,DMSO_0uM,0.895,1
D09,Tofacitinib (CP-690550_Tasocitinib)_0.5uM,DMSO_0uM,0.893,1
D09,INK 128 (MLN0128)_0.5uM,DMSO_0uM,0.873,1
D01,Rapamycin (Sirolimus)_5uM,DMSO_0uM,0.834,1
D06,BMS-794833_0.5uM,DMSO_0uM,0.828,1
D06,H 89 2HCl_0.5uM,DMSO_0uM,0.803,1
D12,AZD1208_5uM,DMSO_0uM,0.795,1
D16,ETP-46464_0.5uM,DMSO_0uM,0.785,1
D01,Imatinib Mesylate (STI571)_0.5uM,DMSO_0uM,0.775,1
D01,Dasatinib_0.5uM,DMSO_0uM,0.759,1
D12,GSK650394_0.5uM,DMSO_0uM,0.757,1
D04,Thiazovivin_0.5uM,DMSO_0uM,0.75,1
D10,BAY 11-7082_0.5uM,DMSO_0uM,0.747,1
D09,PHA-767491_0.5uM,DMSO_0uM,0.743,1
D01,Nilotinib (AMN-107)_0.5uM,DMSO_0uM,0.731,1
D15,AG-18_0.5uM,DMSO_0uM,0.726,1
D10,GW5074_0.5uM,DMSO_0uM,0.724,1
D16,Oclacitinib_0.5uM,DMSO_0uM,0.711,1
D06,PF-4708671_0.5uM,DMSO_0uM,0.704,1
D06,TWS119_5uM,DMSO_0uM,0.7,1
D15,AZD5363_0.5uM,DMSO_0uM,0.676,1
D06,AICAR (Acadesine)_5uM,DMSO_0uM,0.671,1
D04,Vemurafenib (PLX4032_ RG7204)_0.5uM,DMSO_0uM,0.64,1
D09,CHIR-98014_0.5uM,DMSO_0uM,0.638,1
D01,Imatinib Mesylate (STI571)_5uM,DMSO_0uM,0.632,1
D15,GSK621_5uM,DMSO_0uM,0.627,1
D04,Thiazovivin_5uM,DMSO_0uM,0.622,1
D01,Sunitinib Malate_0.5uM,DMSO_0uM,0.618,1
D04,VX-745_5uM,DMSO_0uM,0.601,1
D15,PQ 401_0.5uM,DMSO_0uM,0.599,1
D04,Pelitinib (EKB-569)_0.5uM,DMSO_0uM,0.574,1
D13,GNE-0877_0.5uM,DMSO_0uM,0.574,1
D10,Tideglusib_5uM,DMSO_0uM,0.567,1
D09,Dovitinib (TKI-258) Dilactic Acid_0.5uM,DMSO_0uM,0.563,1
D04,PHA-680632_0.5uM,DMSO_0uM,0.555,1
D04,YM201636_0.5uM,DMSO_0uM,0.553,1
D03,JNJ-38877605_0.5uM,DMSO_0uM,0.531,1
D16,Chloroquine Phosphate_0.5uM,DMSO_0uM,0.528,1
D09,NVP-BVU972_0.5uM,DMSO_0uM,0.527,1
D15,SGI-7079_0.5uM,DMSO_0uM,0.526,1
D06,R406_0.5uM,DMSO_0uM,0.516,1
D13,AR-A014418_0.5uM,DMSO_0uM,0.509,1
D06,TWS119_0.5uM,DMSO_0uM,0.508,1
D13,PFK15_0.5uM,DMSO_0uM,0.498,1
D12,Losmapimod (GW856553X)_5uM,DMSO_0uM,0.486,1
D03,AG-490 (Tyrphostin B42)_5uM,DMSO_0uM,0.484,1
D09,Tivantinib (ARQ 197)_0.5uM,DMSO_0uM,0.473,1
D02,SB216763_0.5uM,DMSO_0uM,0.468,1
D15,ETC-1002_0.5uM,DMSO_0uM,0.466,1
D02,Vatalanib (PTK787) 2HCl_0.5uM,DMSO_0uM,0.445,1
D05,BMS-777607_5uM,DMSO_0uM,0.439,1
D02,LY294002_5uM,DMSO_0uM,0.436,1
D03,Regorafenib (BAY 73-4506)_5uM,DMSO_0uM,0.419,1
D16,Dorsomorphin 2HCl_0.5uM,DMSO_0uM,0.416,1
D02,ZSTK474_0.5uM,DMSO_0uM,0.413,1
D15,SMI-4a_5uM,DMSO_0uM,0.412,1
D12,Bisindolylmaleimide I (GF109203X)_0.5uM,DMSO_0uM,0.411,1
D13,ERK5-IN-1_0.5uM,DMSO_0uM,0.407,1
D09,Ipatasertib (GDC-0068)_0.5uM,DMSO_0uM,0.406,1
D02,SL-327_5uM,DMSO_0uM,0.401,1
D02,Enzastaurin (LY317615)_0.5uM,DMSO_0uM,0.387,1
D07,Apatinib_0.5uM,DMSO_0uM,0.377,1
D09,3-Methyladenine (3-MA)_5uM,DMSO_0uM,0.365,1
D10,CHIR-99021 (CT99021) HCl_0.5uM,DMSO_0uM,0.354,1
D12,Losmapimod (GW856553X)_0.5uM,DMSO_0uM,0.348,1
D03,WZ3146_0.5uM,DMSO_0uM,0.328,1
D12,GZD824 Dimesylate_0.5uM,DMSO_0uM,0.325,1
D12,CC-292 (AVL-292)_0.5uM,DMSO_0uM,0.323,1
D10,GNF-2_0.5uM,DMSO_0uM,0.314,1
D02,Brivanib (BMS-540215)_0.5uM,DMSO_0uM,0.313,1
D06,AZD1480_0.5uM,DMSO_0uM,0.301,1
D10,Icotinib_0.5uM,DMSO_0uM,0.298,1
D02,AC480 (BMS-599626)_0.5uM,DMSO_0uM,0.275,1
D12,CGK 733_0.5uM,DMSO_0uM,0.275,1
D06,NVP-BHG712_0.5uM,DMSO_0uM,0.264,1
D02,GDC-0879_0.5uM,DMSO_0uM,0.254,1
D15,Ulixertinib (BVD-523_ VRT752271)_0.5uM,DMSO_0uM,0.254,1
D02,U0126-EtOH_5uM,DMSO_0uM,0.246,1
D14,GSK2578215A_0.5uM,DMSO_0uM,0.244,1
D13,JNK Inhibitor IX_0.5uM,DMSO_0uM,0.242,1
D10,ZM 306416_0.5uM,DMSO_0uM,0.233,1
D06,BMS-265246_0.5uM,DMSO_0uM,0.225,1
D05,SP600125_5uM,DMSO_0uM,0.181,1
D05,Orantinib (TSU-68_ SU6668)_5uM,DMSO_0uM,0.179,1
D15,PQ 401_5uM,DMSO_0uM,0.177,1
D02,PF-04217903_0.5uM,DMSO_0uM,0.142,1
D12,BIO_5uM,DMSO_0uM,0.118,1
D01,Motesanib Diphosphate (AMG-706)_5uM,DMSO_0uM,0.116,1
D08,Apitolisib (GDC-0980_ RG7422)_0.5uM,DMSO_0uM,0.068,1
D13,Sorafenib_0.5uM,DMSO_0uM,0.052,1